name,pubchemid,isosmiles
ABT-888,45480520,C[C@@]1(CCCN1)C2=NC3=C(C=CC=C3N2)C(=O)N.Cl.Cl
AZD1775,24856436,CC(C)(C1=NC(=CC=C1)N2C3=NC(=NC=C3C(=O)N2CC=C)NC4=CC=C(C=C4)N5CCN(CC5)C)O
BEZ-235,11977753,CC(C)(C#N)C1=CC=C(C=C1)N2C3=C4C=C(C=CC4=NC=C3N(C2=O)C)C5=CC6=CC=CC=C6N=C5
BORTEZOMIB,387447,B([C@H](CC(C)C)NC(=O)[C@H](CC1=CC=CC=C1)NC(=O)C2=NC=CN=C2)(O)O
DASATINIB,3062316,CC1=C(C(=CC=C1)Cl)NC(=O)C2=CN=C(S2)NC3=CC(=NC(=N3)C)N4CCN(CC4)CCO
DINACICLIB,46926350,CCC1=C2N=C(C=C(N2N=C1)NCC3=C[N+](=CC=C3)[O-])N4CCCC[C@H]4CCO
ERLOTINIB,176870,COCCOC1=C(C=C2C(=C1)C(=NC=N2)NC3=CC=CC(=C3)C#C)OCCOC
GELDANAMYCIN,5288382,C[C@H]1C[C@@H]([C@@H]([C@H](/C=C(/[C@@H]([C@H](/C=C\\C=C(\\C(=O)NC2=CC(=O)C(=C(C1)C2=O)OC)/C)OC)OC(=O)N)\\C)C)O)OC
L778123,216453,C1CN(C(=O)CN1CC2=CN=CN2CC3=CC=C(C=C3)C#N)C4=CC(=CC=C4)Cl.Cl
LAPATINIB,208908,CS(=O)(=O)CCNCC1=CC=C(O1)C2=CC3=C(C=C2)N=CN=C3NC4=CC(=C(C=C4)OCC5=CC(=CC=C5)F)Cl
MK-2206,46930998,C1CC(C1)(C2=CC=C(C=C2)C3=C(C=C4C(=N3)C=CN5C4=NNC5=O)C6=CC=CC=C6)N.Cl.Cl
MK-4827,24958200,C1C[C@H](CNC1)C2=CC=C(C=C2)N3C=C4C=CC=C(C4=N3)C(=O)N
MK-5108,24748204,C1CC(CCC1OC2=C(C(=CC=C2)Cl)F)(CC3=NC(=CC=C3)NC4=NC=CS4)C(=O)O
MK-8669,11520894,C[C@@H]1CC[C@H]2C[C@@H](/C(=C/C=C/C=C/[C@H](C[C@H](C(=O)[C@@H]([C@@H](/C(=C/[C@H](C(=O)C[C@H](OC(=O)[C@@H]3CCCCN3C(=O)C(=O)[C@@]1(O2)O)[C@H](C)C[C@@H]4CC[C@H]([C@@H](C4)OC)OP(=O)(C)C)C)/C)O)OC)C)C)/C)OC
MK-8776,16224745,CN1C=C(C=N1)C2=C3N=C(C(=C(N3N=C2)N)Br)C4CCCNC4
PD325901,9826528,C1=CC(=C(C=C1I)F)NC2=C(C=CC(=C2F)F)C(=O)NOC[C@@H](CO)O
SORAFENIB,216239,CNC(=O)C1=NC=CC(=C1)OC2=CC=C(C=C2)NC(=O)NC3=CC(=C(C=C3)Cl)C(F)(F)F
SUNITINIB,5329102,CCN(CC)CCNC(=O)C1=C(NC(=C1C)/C=C\\2/C3=C(C=CC(=C3)F)NC2=O)C
TEMOZOLOMIDE,5394,CN1C(=O)N2C=NC(=C2N=N1)C(=O)N
ZOLINZA,5311,C1=CC=C(C=C1)NC(=O)CCCCCCC(=O)NO
OXALIPLATIN,9887053,C1CC[C@H]([C@@H](C1)[NH-])[NH-].C(=O)(C(=O)O)O.[Pt+2]
SN-38,104842,CCC1=C2CN3C(=CC4=C(C3=O)COC(=O)[C@@]4(CC)O)C2=NC5=C1C=C(C=C5)O
TOPOTECAN,60700,CC[C@@]1(C2=C(COC1=O)C(=O)N3CC4=CC5=C(C=CC(=C5CN(C)C)O)N=C4C3=C2)O
ETOPOSIDE,36462,C[C@@H]1OC[C@@H]2[C@@H](O1)[C@@H]([C@H]([C@@H](O2)O[C@H]3[C@H]4COC(=O)[C@@H]4[C@@H](C5=CC6=C(C=C35)OCO6)C7=CC(=C(C(=C7)OC)O)OC)O)O
GEMCITABINE,60750,C1=CN(C(=O)N=C1N)[C@H]2C([C@@H]([C@H](O2)CO)O)(F)F
VINORELBINE,5311497,CCC1=C[C@H]2C[C@@](C3=C(CN(C2)C1)C4=CC=CC=C4N3)(C5=C(C=C6C(=C5)[C@]78CCN9[C@H]7[C@@](C=CC9)([C@H]([C@@]([C@@H]8N6C)(C(=O)OC)O)OC(=O)C)CC)OC)C(=O)OC
5-FU,3385,C1=C(C(=O)NC(=O)N1)F
CARBOPLATIN,426756,C1CC(C1)(C(=O)O)C(=O)O.[NH2-].[NH2-].[Pt+2]
CYCLOPHOSPHAMIDE,2907,C1CNP(=O)(OC1)N(CCCl)CCCl
DEXAMETHASONE,5743,C[C@@H]1C[C@H]2[C@@H]3CCC4=CC(=O)C=C[C@@]4([C@]3([C@H](C[C@@]2([C@]1(C(=O)CO)O)C)O)F)C
DOXORUBICIN,31703,C[C@H]1[C@H]([C@H](C[C@@H](O1)O[C@H]2C[C@@](CC3=C2C(=C4C(=C3O)C(=O)C5=C(C4=O)C(=CC=C5)OC)O)(C(=O)CO)O)N)O
METFORMIN,4091,CN(C)C(=N)N=C(N)N
METHOTREXATE,126941,CN(CC1=CN=C2C(=N1)C(=NC(=N2)N)N)C3=CC=C(C=C3)C(=O)N[C@@H](CCC(=O)O)C(=O)O
MITOMYCINE,5746,CC1=C(C(=O)C2=C(C1=O)N3C[C@H]4[C@@H]([C@@]3([C@@H]2COC(=O)N)OC)N4)N
MRK-003,56841621,C1CC2CC3=C(C[C@@H]1[C@@]24CN(S(=O)(=O)N4)CC(F)(F)F)C=C(C=C3)/C=C/CN5CCC(CC5)C(F)(F)F
PACLITAXEL,36314,CC1=C2[C@H](C(=O)[C@@]3([C@H](C[C@@H]4[C@]([C@H]3[C@@H]([C@@](C2(C)C)(C[C@@H]1OC(=O)[C@@H]([C@H](C5=CC=CC=C5)NC(=O)C6=CC=CC=C6)O)O)OC(=O)C7=CC=CC=C7)(CO4)OC(=O)C)O)C)OC(=O)C
VINBLASTINE,6710780,CC[C@@]1(CC2C[C@@](C3=C(CCN(C2)C1)C4=CC=CC=C4N3)(C5=C(C=C6C(=C5)[C@]78CCN9[C@H]7[C@@](C=CC9)([C@H]([C@@]([C@@H]8N6C)(C(=O)OC)O)OC(=O)C)CC)OC)C(=O)OC)O
MK-4541,59691338,C[C@]12CC[C@H]3[C@H]([C@@H]1CC[C@@H]2NC(=O)OCC(F)(F)F)CC[C@@H]4[C@@]3(C=CC(=O)N4C)C
